Row Names,instance_auroc,full_pixel_auroc,anomaly_pixel_auroc
mvtec_bottle,1.0,0.9882195436396997,0.9842194483705031
Mean,1.0,0.9882195436396997,0.9842194483705031
