Row Names,instance_auroc,full_pixel_auroc,anomaly_pixel_auroc
mvtec_cable,0.9919415292353824,0.9859116144197462,0.978965094770555
Mean,0.9919415292353824,0.9859116144197462,0.978965094770555
